-- Users
insert into users ( cod_user, login, password, creation_at) values (seq_users.nextval,'filipe','$2a$10$a3xZmRwno6hLqbd93oiLXu17f1NWAu3skdI5P2SNCZTl29/SluzHy',current_timestamp);

-- Distritos
insert into distritos (cod_distrito, nome_distrito, creation_at) values (01,'Aveiro             ',current_timestamp);
insert into distritos (cod_distrito, nome_distrito, creation_at) values (02,'Beja               ',current_timestamp);
insert into distritos (cod_distrito, nome_distrito, creation_at) values (03,'Braga              ',current_timestamp);
insert into distritos (cod_distrito, nome_distrito, creation_at) values (04,'Bragança           ',current_timestamp);
insert into distritos (cod_distrito, nome_distrito, creation_at) values (05,'Castelo Branco     ',current_timestamp);
insert into distritos (cod_distrito, nome_distrito, creation_at) values (06,'Coimbra            ',current_timestamp);
insert into distritos (cod_distrito, nome_distrito, creation_at) values (07,'Évora              ',current_timestamp);
insert into distritos (cod_distrito, nome_distrito, creation_at) values (08,'Faro               ',current_timestamp);
insert into distritos (cod_distrito, nome_distrito, creation_at) values (09,'Guarda             ',current_timestamp);
insert into distritos (cod_distrito, nome_distrito, creation_at) values (10,'Leiria             ',current_timestamp);
insert into distritos (cod_distrito, nome_distrito, creation_at) values (11,'Lisboa             ',current_timestamp);
insert into distritos (cod_distrito, nome_distrito, creation_at) values (12,'Portalegre         ',current_timestamp);
insert into distritos (cod_distrito, nome_distrito, creation_at) values (13,'Porto              ',current_timestamp);
insert into distritos (cod_distrito, nome_distrito, creation_at) values (14,'Santarém           ',current_timestamp);
insert into distritos (cod_distrito, nome_distrito, creation_at) values (15,'Setúbal            ',current_timestamp);
insert into distritos (cod_distrito, nome_distrito, creation_at) values (16,'Viana do Castelo   ',current_timestamp);
insert into distritos (cod_distrito, nome_distrito, creation_at) values (17,'Vila Real          ',current_timestamp);
insert into distritos (cod_distrito, nome_distrito, creation_at) values (18,'Viseu              ',current_timestamp);
insert into distritos (cod_distrito, nome_distrito, creation_at) values (31,'Ilha da Madeira    ',current_timestamp);
insert into distritos (cod_distrito, nome_distrito, creation_at) values (32,'Ilha de Porto Santo',current_timestamp);
insert into distritos (cod_distrito, nome_distrito, creation_at) values (41,'Ilha de Santa Maria',current_timestamp);
insert into distritos (cod_distrito, nome_distrito, creation_at) values (42,'Ilha de São Miguel ',current_timestamp);
insert into distritos (cod_distrito, nome_distrito, creation_at) values (43,'Ilha Terceira      ',current_timestamp);
insert into distritos (cod_distrito, nome_distrito, creation_at) values (44,'Ilha da Graciosa   ',current_timestamp);
insert into distritos (cod_distrito, nome_distrito, creation_at) values (45,'Ilha de São Jorge  ',current_timestamp);
insert into distritos (cod_distrito, nome_distrito, creation_at) values (46,'Ilha do Pico       ',current_timestamp);
insert into distritos (cod_distrito, nome_distrito, creation_at) values (47,'Ilha do Faial      ',current_timestamp);
insert into distritos (cod_distrito, nome_distrito, creation_at) values (48,'Ilha das Flores    ',current_timestamp);
insert into distritos (cod_distrito, nome_distrito, creation_at) values (49,'Ilha do Corvo      ',current_timestamp);

-- Conselhos
insert into concelhos (id_concelho, cod_distrito,cod_concelho,nome_concelho,creation_at) values (seq_concelho.nextval,01,06,'Castelo de Paiva                        ',current_timestamp);
insert into concelhos (id_concelho, cod_distrito,cod_concelho,nome_concelho,creation_at) values (seq_concelho.nextval,01,07,'Espinho                                 ',current_timestamp);
insert into concelhos (id_concelho, cod_distrito,cod_concelho,nome_concelho,creation_at) values (seq_concelho.nextval,01,08,'Estarreja                               ',current_timestamp);
insert into concelhos (id_concelho, cod_distrito,cod_concelho,nome_concelho,creation_at) values (seq_concelho.nextval,01,09,'Santa Maria da Feira                    ',current_timestamp);
insert into concelhos (id_concelho, cod_distrito,cod_concelho,nome_concelho,creation_at) values (seq_concelho.nextval,01,10,'Ílhavo                                  ',current_timestamp);
insert into concelhos (id_concelho, cod_distrito,cod_concelho,nome_concelho,creation_at) values (seq_concelho.nextval,01,11,'Mealhada                                ',current_timestamp);
insert into concelhos (id_concelho, cod_distrito,cod_concelho,nome_concelho,creation_at) values (seq_concelho.nextval,01,12,'Murtosa                                 ',current_timestamp);
insert into concelhos (id_concelho, cod_distrito,cod_concelho,nome_concelho,creation_at) values (seq_concelho.nextval,01,13,'Oliveira de Azeméis                     ',current_timestamp);
insert into concelhos (id_concelho, cod_distrito,cod_concelho,nome_concelho,creation_at) values (seq_concelho.nextval,01,14,'Oliveira do Bairro                      ',current_timestamp);
insert into concelhos (id_concelho, cod_distrito,cod_concelho,nome_concelho,creation_at) values (seq_concelho.nextval,01,15,'Ovar                                    ',current_timestamp);
insert into concelhos (id_concelho, cod_distrito,cod_concelho,nome_concelho,creation_at) values (seq_concelho.nextval,01,16,'São João da Madeira                     ',current_timestamp);
insert into concelhos (id_concelho, cod_distrito,cod_concelho,nome_concelho,creation_at) values (seq_concelho.nextval,01,17,'Sever do Vouga                          ',current_timestamp);
insert into concelhos (id_concelho, cod_distrito,cod_concelho,nome_concelho,creation_at) values (seq_concelho.nextval,01,18,'Vagos                                   ',current_timestamp);
insert into concelhos (id_concelho, cod_distrito,cod_concelho,nome_concelho,creation_at) values (seq_concelho.nextval,01,19,'Vale de Cambra                          ',current_timestamp);
insert into concelhos (id_concelho, cod_distrito,cod_concelho,nome_concelho,creation_at) values (seq_concelho.nextval,01,01,'Águeda                                  ',current_timestamp);
insert into concelhos (id_concelho, cod_distrito,cod_concelho,nome_concelho,creation_at) values (seq_concelho.nextval,01,02,'Albergaria-a-Velha                      ',current_timestamp);
insert into concelhos (id_concelho, cod_distrito,cod_concelho,nome_concelho,creation_at) values (seq_concelho.nextval,01,03,'Anadia                                  ',current_timestamp);
insert into concelhos (id_concelho, cod_distrito,cod_concelho,nome_concelho,creation_at) values (seq_concelho.nextval,01,04,'Arouca                                  ',current_timestamp);
insert into concelhos (id_concelho, cod_distrito,cod_concelho,nome_concelho,creation_at) values (seq_concelho.nextval,01,05,'Aveiro                                  ',current_timestamp);
insert into concelhos (id_concelho, cod_distrito,cod_concelho,nome_concelho,creation_at) values (seq_concelho.nextval,02,06,'Castro Verde                            ',current_timestamp);
insert into concelhos (id_concelho, cod_distrito,cod_concelho,nome_concelho,creation_at) values (seq_concelho.nextval,02,07,'Cuba                                    ',current_timestamp);
insert into concelhos (id_concelho, cod_distrito,cod_concelho,nome_concelho,creation_at) values (seq_concelho.nextval,02,08,'Ferreira do Alentejo                    ',current_timestamp);
insert into concelhos (id_concelho, cod_distrito,cod_concelho,nome_concelho,creation_at) values (seq_concelho.nextval,02,09,'Mértola                                 ',current_timestamp);
insert into concelhos (id_concelho, cod_distrito,cod_concelho,nome_concelho,creation_at) values (seq_concelho.nextval,02,10,'Moura                                   ',current_timestamp);
insert into concelhos (id_concelho, cod_distrito,cod_concelho,nome_concelho,creation_at) values (seq_concelho.nextval,02,11,'Odemira                                 ',current_timestamp);
insert into concelhos (id_concelho, cod_distrito,cod_concelho,nome_concelho,creation_at) values (seq_concelho.nextval,02,12,'Ourique                                 ',current_timestamp);
insert into concelhos (id_concelho, cod_distrito,cod_concelho,nome_concelho,creation_at) values (seq_concelho.nextval,02,13,'Serpa                                   ',current_timestamp);
insert into concelhos (id_concelho, cod_distrito,cod_concelho,nome_concelho,creation_at) values (seq_concelho.nextval,02,14,'Vidigueira                              ',current_timestamp);
insert into concelhos (id_concelho, cod_distrito,cod_concelho,nome_concelho,creation_at) values (seq_concelho.nextval,02,01,'Aljustrel                               ',current_timestamp);
insert into concelhos (id_concelho, cod_distrito,cod_concelho,nome_concelho,creation_at) values (seq_concelho.nextval,02,02,'Almodôvar                               ',current_timestamp);
insert into concelhos (id_concelho, cod_distrito,cod_concelho,nome_concelho,creation_at) values (seq_concelho.nextval,02,03,'Alvito                                  ',current_timestamp);
insert into concelhos (id_concelho, cod_distrito,cod_concelho,nome_concelho,creation_at) values (seq_concelho.nextval,02,04,'Barrancos                               ',current_timestamp);
insert into concelhos (id_concelho, cod_distrito,cod_concelho,nome_concelho,creation_at) values (seq_concelho.nextval,02,05,'Beja                                    ',current_timestamp);
insert into concelhos (id_concelho, cod_distrito,cod_concelho,nome_concelho,creation_at) values (seq_concelho.nextval,03,06,'Esposende                               ',current_timestamp);
insert into concelhos (id_concelho, cod_distrito,cod_concelho,nome_concelho,creation_at) values (seq_concelho.nextval,03,07,'Fafe                                    ',current_timestamp);
insert into concelhos (id_concelho, cod_distrito,cod_concelho,nome_concelho,creation_at) values (seq_concelho.nextval,03,08,'Guimarães                               ',current_timestamp);
insert into concelhos (id_concelho, cod_distrito,cod_concelho,nome_concelho,creation_at) values (seq_concelho.nextval,03,09,'Póvoa de Lanhoso                        ',current_timestamp);
insert into concelhos (id_concelho, cod_distrito,cod_concelho,nome_concelho,creation_at) values (seq_concelho.nextval,03,10,'Terras de Bouro                         ',current_timestamp);
insert into concelhos (id_concelho, cod_distrito,cod_concelho,nome_concelho,creation_at) values (seq_concelho.nextval,03,11,'Vieira do Minho                         ',current_timestamp);
insert into concelhos (id_concelho, cod_distrito,cod_concelho,nome_concelho,creation_at) values (seq_concelho.nextval,03,12,'Vila Nova de Famalicão                  ',current_timestamp);
insert into concelhos (id_concelho, cod_distrito,cod_concelho,nome_concelho,creation_at) values (seq_concelho.nextval,03,13,'Vila Verde                              ',current_timestamp);
insert into concelhos (id_concelho, cod_distrito,cod_concelho,nome_concelho,creation_at) values (seq_concelho.nextval,03,14,'Vizela                                  ',current_timestamp);
insert into concelhos (id_concelho, cod_distrito,cod_concelho,nome_concelho,creation_at) values (seq_concelho.nextval,03,01,'Amares                                  ',current_timestamp);
insert into concelhos (id_concelho, cod_distrito,cod_concelho,nome_concelho,creation_at) values (seq_concelho.nextval,03,02,'Barcelos                                ',current_timestamp);
insert into concelhos (id_concelho, cod_distrito,cod_concelho,nome_concelho,creation_at) values (seq_concelho.nextval,03,03,'Braga                                   ',current_timestamp);
insert into concelhos (id_concelho, cod_distrito,cod_concelho,nome_concelho,creation_at) values (seq_concelho.nextval,03,04,'Cabeceiras de Basto                     ',current_timestamp);
insert into concelhos (id_concelho, cod_distrito,cod_concelho,nome_concelho,creation_at) values (seq_concelho.nextval,03,05,'Celorico de Basto                       ',current_timestamp);
insert into concelhos (id_concelho, cod_distrito,cod_concelho,nome_concelho,creation_at) values (seq_concelho.nextval,04,06,'Miranda do Douro                        ',current_timestamp);
insert into concelhos (id_concelho, cod_distrito,cod_concelho,nome_concelho,creation_at) values (seq_concelho.nextval,04,07,'Mirandela                               ',current_timestamp);
insert into concelhos (id_concelho, cod_distrito,cod_concelho,nome_concelho,creation_at) values (seq_concelho.nextval,04,08,'Mogadouro                               ',current_timestamp);
insert into concelhos (id_concelho, cod_distrito,cod_concelho,nome_concelho,creation_at) values (seq_concelho.nextval,04,09,'Torre de Moncorvo                       ',current_timestamp);
insert into concelhos (id_concelho, cod_distrito,cod_concelho,nome_concelho,creation_at) values (seq_concelho.nextval,04,10,'Vila Flor                               ',current_timestamp);
insert into concelhos (id_concelho, cod_distrito,cod_concelho,nome_concelho,creation_at) values (seq_concelho.nextval,04,11,'Vimioso                                 ',current_timestamp);
insert into concelhos (id_concelho, cod_distrito,cod_concelho,nome_concelho,creation_at) values (seq_concelho.nextval,04,12,'Vinhais                                 ',current_timestamp);
insert into concelhos (id_concelho, cod_distrito,cod_concelho,nome_concelho,creation_at) values (seq_concelho.nextval,04,01,'Alfândega da Fé                         ',current_timestamp);
insert into concelhos (id_concelho, cod_distrito,cod_concelho,nome_concelho,creation_at) values (seq_concelho.nextval,04,02,'Bragança                                ',current_timestamp);
insert into concelhos (id_concelho, cod_distrito,cod_concelho,nome_concelho,creation_at) values (seq_concelho.nextval,04,03,'Carrazeda de Ansiães                    ',current_timestamp);
insert into concelhos (id_concelho, cod_distrito,cod_concelho,nome_concelho,creation_at) values (seq_concelho.nextval,04,04,'Freixo de Espada à Cinta                ',current_timestamp);
insert into concelhos (id_concelho, cod_distrito,cod_concelho,nome_concelho,creation_at) values (seq_concelho.nextval,04,05,'Macedo de Cavaleiros                    ',current_timestamp);
insert into concelhos (id_concelho, cod_distrito,cod_concelho,nome_concelho,creation_at) values (seq_concelho.nextval,05,06,'Oleiros                                 ',current_timestamp);
insert into concelhos (id_concelho, cod_distrito,cod_concelho,nome_concelho,creation_at) values (seq_concelho.nextval,05,07,'Penamacor                               ',current_timestamp);
insert into concelhos (id_concelho, cod_distrito,cod_concelho,nome_concelho,creation_at) values (seq_concelho.nextval,05,08,'Proença-a-Nova                          ',current_timestamp);
insert into concelhos (id_concelho, cod_distrito,cod_concelho,nome_concelho,creation_at) values (seq_concelho.nextval,05,09,'Sertã                                   ',current_timestamp);
insert into concelhos (id_concelho, cod_distrito,cod_concelho,nome_concelho,creation_at) values (seq_concelho.nextval,05,10,'Vila de Rei                             ',current_timestamp);
insert into concelhos (id_concelho, cod_distrito,cod_concelho,nome_concelho,creation_at) values (seq_concelho.nextval,05,11,'Vila Velha de Ródão                     ',current_timestamp);
insert into concelhos (id_concelho, cod_distrito,cod_concelho,nome_concelho,creation_at) values (seq_concelho.nextval,05,01,'Belmonte                                ',current_timestamp);
insert into concelhos (id_concelho, cod_distrito,cod_concelho,nome_concelho,creation_at) values (seq_concelho.nextval,05,02,'Castelo Branco                          ',current_timestamp);
insert into concelhos (id_concelho, cod_distrito,cod_concelho,nome_concelho,creation_at) values (seq_concelho.nextval,05,03,'Covilhã                                 ',current_timestamp);
insert into concelhos (id_concelho, cod_distrito,cod_concelho,nome_concelho,creation_at) values (seq_concelho.nextval,05,04,'Fundão                                  ',current_timestamp);
insert into concelhos (id_concelho, cod_distrito,cod_concelho,nome_concelho,creation_at) values (seq_concelho.nextval,05,05,'Idanha-a-Nova                           ',current_timestamp);
insert into concelhos (id_concelho, cod_distrito,cod_concelho,nome_concelho,creation_at) values (seq_concelho.nextval,06,06,'Góis                                    ',current_timestamp);
insert into concelhos (id_concelho, cod_distrito,cod_concelho,nome_concelho,creation_at) values (seq_concelho.nextval,06,07,'Lousã                                   ',current_timestamp);
insert into concelhos (id_concelho, cod_distrito,cod_concelho,nome_concelho,creation_at) values (seq_concelho.nextval,06,08,'Mira                                    ',current_timestamp);
insert into concelhos (id_concelho, cod_distrito,cod_concelho,nome_concelho,creation_at) values (seq_concelho.nextval,06,09,'Miranda do Corvo                        ',current_timestamp);
insert into concelhos (id_concelho, cod_distrito,cod_concelho,nome_concelho,creation_at) values (seq_concelho.nextval,06,10,'Montemor-o-Velho                        ',current_timestamp);
insert into concelhos (id_concelho, cod_distrito,cod_concelho,nome_concelho,creation_at) values (seq_concelho.nextval,06,11,'Oliveira do Hospital                    ',current_timestamp);
insert into concelhos (id_concelho, cod_distrito,cod_concelho,nome_concelho,creation_at) values (seq_concelho.nextval,06,12,'Pampilhosa da Serra                     ',current_timestamp);
insert into concelhos (id_concelho, cod_distrito,cod_concelho,nome_concelho,creation_at) values (seq_concelho.nextval,06,13,'Penacova                                ',current_timestamp);
insert into concelhos (id_concelho, cod_distrito,cod_concelho,nome_concelho,creation_at) values (seq_concelho.nextval,06,14,'Penela                                  ',current_timestamp);
insert into concelhos (id_concelho, cod_distrito,cod_concelho,nome_concelho,creation_at) values (seq_concelho.nextval,06,15,'Soure                                   ',current_timestamp);
insert into concelhos (id_concelho, cod_distrito,cod_concelho,nome_concelho,creation_at) values (seq_concelho.nextval,06,16,'Tábua                                   ',current_timestamp);
insert into concelhos (id_concelho, cod_distrito,cod_concelho,nome_concelho,creation_at) values (seq_concelho.nextval,06,17,'Vila Nova de Poiares                    ',current_timestamp);
insert into concelhos (id_concelho, cod_distrito,cod_concelho,nome_concelho,creation_at) values (seq_concelho.nextval,06,01,'Arganil                                 ',current_timestamp);
insert into concelhos (id_concelho, cod_distrito,cod_concelho,nome_concelho,creation_at) values (seq_concelho.nextval,06,02,'Cantanhede                              ',current_timestamp);
insert into concelhos (id_concelho, cod_distrito,cod_concelho,nome_concelho,creation_at) values (seq_concelho.nextval,06,03,'Coimbra                                 ',current_timestamp);
insert into concelhos (id_concelho, cod_distrito,cod_concelho,nome_concelho,creation_at) values (seq_concelho.nextval,06,04,'Condeixa-a-Nova                         ',current_timestamp);
insert into concelhos (id_concelho, cod_distrito,cod_concelho,nome_concelho,creation_at) values (seq_concelho.nextval,06,05,'Figueira da Foz                         ',current_timestamp);
insert into concelhos (id_concelho, cod_distrito,cod_concelho,nome_concelho,creation_at) values (seq_concelho.nextval,07,06,'Montemor-o-Novo                         ',current_timestamp);
insert into concelhos (id_concelho, cod_distrito,cod_concelho,nome_concelho,creation_at) values (seq_concelho.nextval,07,07,'Mora                                    ',current_timestamp);
insert into concelhos (id_concelho, cod_distrito,cod_concelho,nome_concelho,creation_at) values (seq_concelho.nextval,07,08,'Mourão                                  ',current_timestamp);
insert into concelhos (id_concelho, cod_distrito,cod_concelho,nome_concelho,creation_at) values (seq_concelho.nextval,07,09,'Portel                                  ',current_timestamp);
insert into concelhos (id_concelho, cod_distrito,cod_concelho,nome_concelho,creation_at) values (seq_concelho.nextval,07,10,'Redondo                                 ',current_timestamp);
insert into concelhos (id_concelho, cod_distrito,cod_concelho,nome_concelho,creation_at) values (seq_concelho.nextval,07,11,'Reguengos de Monsaraz                   ',current_timestamp);
insert into concelhos (id_concelho, cod_distrito,cod_concelho,nome_concelho,creation_at) values (seq_concelho.nextval,07,12,'Vendas Novas                            ',current_timestamp);
insert into concelhos (id_concelho, cod_distrito,cod_concelho,nome_concelho,creation_at) values (seq_concelho.nextval,07,13,'Viana do Alentejo                       ',current_timestamp);
insert into concelhos (id_concelho, cod_distrito,cod_concelho,nome_concelho,creation_at) values (seq_concelho.nextval,07,14,'Vila Viçosa                             ',current_timestamp);
insert into concelhos (id_concelho, cod_distrito,cod_concelho,nome_concelho,creation_at) values (seq_concelho.nextval,07,01,'Alandroal                               ',current_timestamp);
insert into concelhos (id_concelho, cod_distrito,cod_concelho,nome_concelho,creation_at) values (seq_concelho.nextval,07,02,'Arraiolos                               ',current_timestamp);
insert into concelhos (id_concelho, cod_distrito,cod_concelho,nome_concelho,creation_at) values (seq_concelho.nextval,07,03,'Borba                                   ',current_timestamp);
insert into concelhos (id_concelho, cod_distrito,cod_concelho,nome_concelho,creation_at) values (seq_concelho.nextval,07,04,'Estremoz                                ',current_timestamp);
insert into concelhos (id_concelho, cod_distrito,cod_concelho,nome_concelho,creation_at) values (seq_concelho.nextval,07,05,'Évora                                   ',current_timestamp);
insert into concelhos (id_concelho, cod_distrito,cod_concelho,nome_concelho,creation_at) values (seq_concelho.nextval,08,06,'Lagoa (Algarve)                         ',current_timestamp);
insert into concelhos (id_concelho, cod_distrito,cod_concelho,nome_concelho,creation_at) values (seq_concelho.nextval,08,07,'Lagos                                   ',current_timestamp);
insert into concelhos (id_concelho, cod_distrito,cod_concelho,nome_concelho,creation_at) values (seq_concelho.nextval,08,08,'Loulé                                   ',current_timestamp);
insert into concelhos (id_concelho, cod_distrito,cod_concelho,nome_concelho,creation_at) values (seq_concelho.nextval,08,09,'Monchique                               ',current_timestamp);
insert into concelhos (id_concelho, cod_distrito,cod_concelho,nome_concelho,creation_at) values (seq_concelho.nextval,08,10,'Olhão                                   ',current_timestamp);
insert into concelhos (id_concelho, cod_distrito,cod_concelho,nome_concelho,creation_at) values (seq_concelho.nextval,08,11,'Portimão                                ',current_timestamp);
insert into concelhos (id_concelho, cod_distrito,cod_concelho,nome_concelho,creation_at) values (seq_concelho.nextval,08,12,'São Brás de Alportel                    ',current_timestamp);
insert into concelhos (id_concelho, cod_distrito,cod_concelho,nome_concelho,creation_at) values (seq_concelho.nextval,08,13,'Silves                                  ',current_timestamp);
insert into concelhos (id_concelho, cod_distrito,cod_concelho,nome_concelho,creation_at) values (seq_concelho.nextval,08,14,'Tavira                                  ',current_timestamp);
insert into concelhos (id_concelho, cod_distrito,cod_concelho,nome_concelho,creation_at) values (seq_concelho.nextval,08,15,'Vila do Bispo                           ',current_timestamp);
insert into concelhos (id_concelho, cod_distrito,cod_concelho,nome_concelho,creation_at) values (seq_concelho.nextval,08,16,'Vila Real de Santo António              ',current_timestamp);
insert into concelhos (id_concelho, cod_distrito,cod_concelho,nome_concelho,creation_at) values (seq_concelho.nextval,08,01,'Albufeira                               ',current_timestamp);
insert into concelhos (id_concelho, cod_distrito,cod_concelho,nome_concelho,creation_at) values (seq_concelho.nextval,08,02,'Alcoutim                                ',current_timestamp);
insert into concelhos (id_concelho, cod_distrito,cod_concelho,nome_concelho,creation_at) values (seq_concelho.nextval,08,03,'Aljezur                                 ',current_timestamp);
insert into concelhos (id_concelho, cod_distrito,cod_concelho,nome_concelho,creation_at) values (seq_concelho.nextval,08,04,'Castro Marim                            ',current_timestamp);
insert into concelhos (id_concelho, cod_distrito,cod_concelho,nome_concelho,creation_at) values (seq_concelho.nextval,08,05,'Faro                                    ',current_timestamp);
insert into concelhos (id_concelho, cod_distrito,cod_concelho,nome_concelho,creation_at) values (seq_concelho.nextval,09,06,'Gouveia                                 ',current_timestamp);
insert into concelhos (id_concelho, cod_distrito,cod_concelho,nome_concelho,creation_at) values (seq_concelho.nextval,09,07,'Guarda                                  ',current_timestamp);
insert into concelhos (id_concelho, cod_distrito,cod_concelho,nome_concelho,creation_at) values (seq_concelho.nextval,09,08,'Manteigas                               ',current_timestamp);
insert into concelhos (id_concelho, cod_distrito,cod_concelho,nome_concelho,creation_at) values (seq_concelho.nextval,09,09,'Meda                                    ',current_timestamp);
insert into concelhos (id_concelho, cod_distrito,cod_concelho,nome_concelho,creation_at) values (seq_concelho.nextval,09,10,'Pinhel                                  ',current_timestamp);
insert into concelhos (id_concelho, cod_distrito,cod_concelho,nome_concelho,creation_at) values (seq_concelho.nextval,09,11,'Sabugal                                 ',current_timestamp);
insert into concelhos (id_concelho, cod_distrito,cod_concelho,nome_concelho,creation_at) values (seq_concelho.nextval,09,12,'Seia                                    ',current_timestamp);
insert into concelhos (id_concelho, cod_distrito,cod_concelho,nome_concelho,creation_at) values (seq_concelho.nextval,09,13,'Trancoso                                ',current_timestamp);
insert into concelhos (id_concelho, cod_distrito,cod_concelho,nome_concelho,creation_at) values (seq_concelho.nextval,09,14,'Vila Nova de Foz Côa                    ',current_timestamp);
insert into concelhos (id_concelho, cod_distrito,cod_concelho,nome_concelho,creation_at) values (seq_concelho.nextval,09,01,'Aguiar da Beira                         ',current_timestamp);
insert into concelhos (id_concelho, cod_distrito,cod_concelho,nome_concelho,creation_at) values (seq_concelho.nextval,09,02,'Almeida                                 ',current_timestamp);
insert into concelhos (id_concelho, cod_distrito,cod_concelho,nome_concelho,creation_at) values (seq_concelho.nextval,09,03,'Celorico da Beira                       ',current_timestamp);
insert into concelhos (id_concelho, cod_distrito,cod_concelho,nome_concelho,creation_at) values (seq_concelho.nextval,09,04,'Figueira de Castelo Rodrigo             ',current_timestamp);
insert into concelhos (id_concelho, cod_distrito,cod_concelho,nome_concelho,creation_at) values (seq_concelho.nextval,09,05,'Fornos de Algodres                      ',current_timestamp);
insert into concelhos (id_concelho, cod_distrito,cod_concelho,nome_concelho,creation_at) values (seq_concelho.nextval,10,06,'Caldas da Rainha                        ',current_timestamp);
insert into concelhos (id_concelho, cod_distrito,cod_concelho,nome_concelho,creation_at) values (seq_concelho.nextval,10,07,'Castanheira de Pêra                     ',current_timestamp);
insert into concelhos (id_concelho, cod_distrito,cod_concelho,nome_concelho,creation_at) values (seq_concelho.nextval,10,08,'Figueiró dos Vinhos                     ',current_timestamp);
insert into concelhos (id_concelho, cod_distrito,cod_concelho,nome_concelho,creation_at) values (seq_concelho.nextval,10,09,'Leiria                                  ',current_timestamp);
insert into concelhos (id_concelho, cod_distrito,cod_concelho,nome_concelho,creation_at) values (seq_concelho.nextval,10,10,'Marinha Grande                          ',current_timestamp);
insert into concelhos (id_concelho, cod_distrito,cod_concelho,nome_concelho,creation_at) values (seq_concelho.nextval,10,11,'Nazaré                                  ',current_timestamp);
insert into concelhos (id_concelho, cod_distrito,cod_concelho,nome_concelho,creation_at) values (seq_concelho.nextval,10,12,'Óbidos                                  ',current_timestamp);
insert into concelhos (id_concelho, cod_distrito,cod_concelho,nome_concelho,creation_at) values (seq_concelho.nextval,10,13,'Pedrógão Grande                         ',current_timestamp);
insert into concelhos (id_concelho, cod_distrito,cod_concelho,nome_concelho,creation_at) values (seq_concelho.nextval,10,14,'Peniche                                 ',current_timestamp);
insert into concelhos (id_concelho, cod_distrito,cod_concelho,nome_concelho,creation_at) values (seq_concelho.nextval,10,15,'Pombal                                  ',current_timestamp);
insert into concelhos (id_concelho, cod_distrito,cod_concelho,nome_concelho,creation_at) values (seq_concelho.nextval,10,16,'Porto de Mós                            ',current_timestamp);
insert into concelhos (id_concelho, cod_distrito,cod_concelho,nome_concelho,creation_at) values (seq_concelho.nextval,10,01,'Alcobaça                                ',current_timestamp);
insert into concelhos (id_concelho, cod_distrito,cod_concelho,nome_concelho,creation_at) values (seq_concelho.nextval,10,02,'Alvaiázere                              ',current_timestamp);
insert into concelhos (id_concelho, cod_distrito,cod_concelho,nome_concelho,creation_at) values (seq_concelho.nextval,10,03,'Ansião                                  ',current_timestamp);
insert into concelhos (id_concelho, cod_distrito,cod_concelho,nome_concelho,creation_at) values (seq_concelho.nextval,10,04,'Batalha                                 ',current_timestamp);
insert into concelhos (id_concelho, cod_distrito,cod_concelho,nome_concelho,creation_at) values (seq_concelho.nextval,10,05,'Bombarral                               ',current_timestamp);
insert into concelhos (id_concelho, cod_distrito,cod_concelho,nome_concelho,creation_at) values (seq_concelho.nextval,11,06,'Lisboa                                  ',current_timestamp);
insert into concelhos (id_concelho, cod_distrito,cod_concelho,nome_concelho,creation_at) values (seq_concelho.nextval,11,07,'Loures                                  ',current_timestamp);
insert into concelhos (id_concelho, cod_distrito,cod_concelho,nome_concelho,creation_at) values (seq_concelho.nextval,11,08,'Lourinhã                                ',current_timestamp);
insert into concelhos (id_concelho, cod_distrito,cod_concelho,nome_concelho,creation_at) values (seq_concelho.nextval,11,09,'Mafra                                   ',current_timestamp);
insert into concelhos (id_concelho, cod_distrito,cod_concelho,nome_concelho,creation_at) values (seq_concelho.nextval,11,10,'Oeiras                                  ',current_timestamp);
insert into concelhos (id_concelho, cod_distrito,cod_concelho,nome_concelho,creation_at) values (seq_concelho.nextval,11,11,'Sintra                                  ',current_timestamp);
insert into concelhos (id_concelho, cod_distrito,cod_concelho,nome_concelho,creation_at) values (seq_concelho.nextval,11,12,'Sobral de Monte Agraço                  ',current_timestamp);
insert into concelhos (id_concelho, cod_distrito,cod_concelho,nome_concelho,creation_at) values (seq_concelho.nextval,11,13,'Torres Vedras                           ',current_timestamp);
insert into concelhos (id_concelho, cod_distrito,cod_concelho,nome_concelho,creation_at) values (seq_concelho.nextval,11,14,'Vila Franca de Xira                     ',current_timestamp);
insert into concelhos (id_concelho, cod_distrito,cod_concelho,nome_concelho,creation_at) values (seq_concelho.nextval,11,15,'Amadora                                 ',current_timestamp);
insert into concelhos (id_concelho, cod_distrito,cod_concelho,nome_concelho,creation_at) values (seq_concelho.nextval,11,16,'Odivelas                                ',current_timestamp);
insert into concelhos (id_concelho, cod_distrito,cod_concelho,nome_concelho,creation_at) values (seq_concelho.nextval,11,01,'Alenquer                                ',current_timestamp);
insert into concelhos (id_concelho, cod_distrito,cod_concelho,nome_concelho,creation_at) values (seq_concelho.nextval,11,02,'Arruda dos Vinhos                       ',current_timestamp);
insert into concelhos (id_concelho, cod_distrito,cod_concelho,nome_concelho,creation_at) values (seq_concelho.nextval,11,03,'Azambuja                                ',current_timestamp);
insert into concelhos (id_concelho, cod_distrito,cod_concelho,nome_concelho,creation_at) values (seq_concelho.nextval,11,04,'Cadaval                                 ',current_timestamp);
insert into concelhos (id_concelho, cod_distrito,cod_concelho,nome_concelho,creation_at) values (seq_concelho.nextval,11,05,'Cascais                                 ',current_timestamp);
insert into concelhos (id_concelho, cod_distrito,cod_concelho,nome_concelho,creation_at) values (seq_concelho.nextval,12,06,'Crato                                   ',current_timestamp);
insert into concelhos (id_concelho, cod_distrito,cod_concelho,nome_concelho,creation_at) values (seq_concelho.nextval,12,07,'Elvas                                   ',current_timestamp);
insert into concelhos (id_concelho, cod_distrito,cod_concelho,nome_concelho,creation_at) values (seq_concelho.nextval,12,08,'Fronteira                               ',current_timestamp);
insert into concelhos (id_concelho, cod_distrito,cod_concelho,nome_concelho,creation_at) values (seq_concelho.nextval,12,09,'Gavião                                  ',current_timestamp);
insert into concelhos (id_concelho, cod_distrito,cod_concelho,nome_concelho,creation_at) values (seq_concelho.nextval,12,10,'Marvão                                  ',current_timestamp);
insert into concelhos (id_concelho, cod_distrito,cod_concelho,nome_concelho,creation_at) values (seq_concelho.nextval,12,11,'Monforte                                ',current_timestamp);
insert into concelhos (id_concelho, cod_distrito,cod_concelho,nome_concelho,creation_at) values (seq_concelho.nextval,12,12,'Nisa                                    ',current_timestamp);
insert into concelhos (id_concelho, cod_distrito,cod_concelho,nome_concelho,creation_at) values (seq_concelho.nextval,12,13,'Ponte de Sor                            ',current_timestamp);
insert into concelhos (id_concelho, cod_distrito,cod_concelho,nome_concelho,creation_at) values (seq_concelho.nextval,12,14,'Portalegre                              ',current_timestamp);
insert into concelhos (id_concelho, cod_distrito,cod_concelho,nome_concelho,creation_at) values (seq_concelho.nextval,12,15,'Sousel                                  ',current_timestamp);
insert into concelhos (id_concelho, cod_distrito,cod_concelho,nome_concelho,creation_at) values (seq_concelho.nextval,12,01,'Alter do Chão                           ',current_timestamp);
insert into concelhos (id_concelho, cod_distrito,cod_concelho,nome_concelho,creation_at) values (seq_concelho.nextval,12,02,'Arronches                               ',current_timestamp);
insert into concelhos (id_concelho, cod_distrito,cod_concelho,nome_concelho,creation_at) values (seq_concelho.nextval,12,03,'Avis                                    ',current_timestamp);
insert into concelhos (id_concelho, cod_distrito,cod_concelho,nome_concelho,creation_at) values (seq_concelho.nextval,12,04,'Campo Maior                             ',current_timestamp);
insert into concelhos (id_concelho, cod_distrito,cod_concelho,nome_concelho,creation_at) values (seq_concelho.nextval,12,05,'Castelo de Vide                         ',current_timestamp);
insert into concelhos (id_concelho, cod_distrito,cod_concelho,nome_concelho,creation_at) values (seq_concelho.nextval,13,06,'Maia                                    ',current_timestamp);
insert into concelhos (id_concelho, cod_distrito,cod_concelho,nome_concelho,creation_at) values (seq_concelho.nextval,13,07,'Marco de Canaveses                      ',current_timestamp);
insert into concelhos (id_concelho, cod_distrito,cod_concelho,nome_concelho,creation_at) values (seq_concelho.nextval,13,08,'Matosinhos                              ',current_timestamp);
insert into concelhos (id_concelho, cod_distrito,cod_concelho,nome_concelho,creation_at) values (seq_concelho.nextval,13,09,'Paços de Ferreira                       ',current_timestamp);
insert into concelhos (id_concelho, cod_distrito,cod_concelho,nome_concelho,creation_at) values (seq_concelho.nextval,13,10,'Paredes                                 ',current_timestamp);
insert into concelhos (id_concelho, cod_distrito,cod_concelho,nome_concelho,creation_at) values (seq_concelho.nextval,13,11,'Penafiel                                ',current_timestamp);
insert into concelhos (id_concelho, cod_distrito,cod_concelho,nome_concelho,creation_at) values (seq_concelho.nextval,13,12,'Porto                                   ',current_timestamp);
insert into concelhos (id_concelho, cod_distrito,cod_concelho,nome_concelho,creation_at) values (seq_concelho.nextval,13,13,'Póvoa de Varzim                         ',current_timestamp);
insert into concelhos (id_concelho, cod_distrito,cod_concelho,nome_concelho,creation_at) values (seq_concelho.nextval,13,14,'Santo Tirso                             ',current_timestamp);
insert into concelhos (id_concelho, cod_distrito,cod_concelho,nome_concelho,creation_at) values (seq_concelho.nextval,13,15,'Valongo                                 ',current_timestamp);
insert into concelhos (id_concelho, cod_distrito,cod_concelho,nome_concelho,creation_at) values (seq_concelho.nextval,13,16,'Vila do Conde                           ',current_timestamp);
insert into concelhos (id_concelho, cod_distrito,cod_concelho,nome_concelho,creation_at) values (seq_concelho.nextval,13,17,'Vila Nova de Gaia                       ',current_timestamp);
insert into concelhos (id_concelho, cod_distrito,cod_concelho,nome_concelho,creation_at) values (seq_concelho.nextval,13,18,'Trofa                                   ',current_timestamp);
insert into concelhos (id_concelho, cod_distrito,cod_concelho,nome_concelho,creation_at) values (seq_concelho.nextval,13,01,'Amarante                                ',current_timestamp);
insert into concelhos (id_concelho, cod_distrito,cod_concelho,nome_concelho,creation_at) values (seq_concelho.nextval,13,02,'Baião                                   ',current_timestamp);
insert into concelhos (id_concelho, cod_distrito,cod_concelho,nome_concelho,creation_at) values (seq_concelho.nextval,13,03,'Felgueiras                              ',current_timestamp);
insert into concelhos (id_concelho, cod_distrito,cod_concelho,nome_concelho,creation_at) values (seq_concelho.nextval,13,04,'Gondomar                                ',current_timestamp);
insert into concelhos (id_concelho, cod_distrito,cod_concelho,nome_concelho,creation_at) values (seq_concelho.nextval,13,05,'Lousada                                 ',current_timestamp);
insert into concelhos (id_concelho, cod_distrito,cod_concelho,nome_concelho,creation_at) values (seq_concelho.nextval,14,06,'Cartaxo                                 ',current_timestamp);
insert into concelhos (id_concelho, cod_distrito,cod_concelho,nome_concelho,creation_at) values (seq_concelho.nextval,14,07,'Chamusca                                ',current_timestamp);
insert into concelhos (id_concelho, cod_distrito,cod_concelho,nome_concelho,creation_at) values (seq_concelho.nextval,14,08,'Constância                              ',current_timestamp);
insert into concelhos (id_concelho, cod_distrito,cod_concelho,nome_concelho,creation_at) values (seq_concelho.nextval,14,09,'Coruche                                 ',current_timestamp);
insert into concelhos (id_concelho, cod_distrito,cod_concelho,nome_concelho,creation_at) values (seq_concelho.nextval,14,10,'Entroncamento                           ',current_timestamp);
insert into concelhos (id_concelho, cod_distrito,cod_concelho,nome_concelho,creation_at) values (seq_concelho.nextval,14,11,'Ferreira do Zêzere                      ',current_timestamp);
insert into concelhos (id_concelho, cod_distrito,cod_concelho,nome_concelho,creation_at) values (seq_concelho.nextval,14,12,'Golegã                                  ',current_timestamp);
insert into concelhos (id_concelho, cod_distrito,cod_concelho,nome_concelho,creation_at) values (seq_concelho.nextval,14,13,'Mação                                   ',current_timestamp);
insert into concelhos (id_concelho, cod_distrito,cod_concelho,nome_concelho,creation_at) values (seq_concelho.nextval,14,14,'Rio Maior                               ',current_timestamp);
insert into concelhos (id_concelho, cod_distrito,cod_concelho,nome_concelho,creation_at) values (seq_concelho.nextval,14,15,'Salvaterra de Magos                     ',current_timestamp);
insert into concelhos (id_concelho, cod_distrito,cod_concelho,nome_concelho,creation_at) values (seq_concelho.nextval,14,16,'Santarém                                ',current_timestamp);
insert into concelhos (id_concelho, cod_distrito,cod_concelho,nome_concelho,creation_at) values (seq_concelho.nextval,14,17,'Sardoal                                 ',current_timestamp);
insert into concelhos (id_concelho, cod_distrito,cod_concelho,nome_concelho,creation_at) values (seq_concelho.nextval,14,18,'Tomar                                   ',current_timestamp);
insert into concelhos (id_concelho, cod_distrito,cod_concelho,nome_concelho,creation_at) values (seq_concelho.nextval,14,19,'Torres Novas                            ',current_timestamp);
insert into concelhos (id_concelho, cod_distrito,cod_concelho,nome_concelho,creation_at) values (seq_concelho.nextval,14,20,'Vila Nova da Barquinha                  ',current_timestamp);
insert into concelhos (id_concelho, cod_distrito,cod_concelho,nome_concelho,creation_at) values (seq_concelho.nextval,14,21,'Ourém                                   ',current_timestamp);
insert into concelhos (id_concelho, cod_distrito,cod_concelho,nome_concelho,creation_at) values (seq_concelho.nextval,14,01,'Abrantes                                ',current_timestamp);
insert into concelhos (id_concelho, cod_distrito,cod_concelho,nome_concelho,creation_at) values (seq_concelho.nextval,14,02,'Alcanena                                ',current_timestamp);
insert into concelhos (id_concelho, cod_distrito,cod_concelho,nome_concelho,creation_at) values (seq_concelho.nextval,14,03,'Almeirim                                ',current_timestamp);
insert into concelhos (id_concelho, cod_distrito,cod_concelho,nome_concelho,creation_at) values (seq_concelho.nextval,14,04,'Alpiarça                                ',current_timestamp);
insert into concelhos (id_concelho, cod_distrito,cod_concelho,nome_concelho,creation_at) values (seq_concelho.nextval,14,05,'Benavente                               ',current_timestamp);
insert into concelhos (id_concelho, cod_distrito,cod_concelho,nome_concelho,creation_at) values (seq_concelho.nextval,15,06,'Moita                                   ',current_timestamp);
insert into concelhos (id_concelho, cod_distrito,cod_concelho,nome_concelho,creation_at) values (seq_concelho.nextval,15,07,'Montijo                                 ',current_timestamp);
insert into concelhos (id_concelho, cod_distrito,cod_concelho,nome_concelho,creation_at) values (seq_concelho.nextval,15,08,'Palmela                                 ',current_timestamp);
insert into concelhos (id_concelho, cod_distrito,cod_concelho,nome_concelho,creation_at) values (seq_concelho.nextval,15,09,'Santiago do Cacém                       ',current_timestamp);
insert into concelhos (id_concelho, cod_distrito,cod_concelho,nome_concelho,creation_at) values (seq_concelho.nextval,15,10,'Seixal                                  ',current_timestamp);
insert into concelhos (id_concelho, cod_distrito,cod_concelho,nome_concelho,creation_at) values (seq_concelho.nextval,15,11,'Sesimbra                                ',current_timestamp);
insert into concelhos (id_concelho, cod_distrito,cod_concelho,nome_concelho,creation_at) values (seq_concelho.nextval,15,12,'Setúbal                                 ',current_timestamp);
insert into concelhos (id_concelho, cod_distrito,cod_concelho,nome_concelho,creation_at) values (seq_concelho.nextval,15,13,'Sines                                   ',current_timestamp);
insert into concelhos (id_concelho, cod_distrito,cod_concelho,nome_concelho,creation_at) values (seq_concelho.nextval,15,01,'Alcácer do Sal                          ',current_timestamp);
insert into concelhos (id_concelho, cod_distrito,cod_concelho,nome_concelho,creation_at) values (seq_concelho.nextval,15,02,'Alcochete                               ',current_timestamp);
insert into concelhos (id_concelho, cod_distrito,cod_concelho,nome_concelho,creation_at) values (seq_concelho.nextval,15,03,'Almada                                  ',current_timestamp);
insert into concelhos (id_concelho, cod_distrito,cod_concelho,nome_concelho,creation_at) values (seq_concelho.nextval,15,04,'Barreiro                                ',current_timestamp);
insert into concelhos (id_concelho, cod_distrito,cod_concelho,nome_concelho,creation_at) values (seq_concelho.nextval,15,05,'Grândola                                ',current_timestamp);
insert into concelhos (id_concelho, cod_distrito,cod_concelho,nome_concelho,creation_at) values (seq_concelho.nextval,16,06,'Ponte da Barca                          ',current_timestamp);
insert into concelhos (id_concelho, cod_distrito,cod_concelho,nome_concelho,creation_at) values (seq_concelho.nextval,16,07,'Ponte de Lima                           ',current_timestamp);
insert into concelhos (id_concelho, cod_distrito,cod_concelho,nome_concelho,creation_at) values (seq_concelho.nextval,16,08,'Valença                                 ',current_timestamp);
insert into concelhos (id_concelho, cod_distrito,cod_concelho,nome_concelho,creation_at) values (seq_concelho.nextval,16,09,'Viana do Castelo                        ',current_timestamp);
insert into concelhos (id_concelho, cod_distrito,cod_concelho,nome_concelho,creation_at) values (seq_concelho.nextval,16,10,'Vila Nova de Cerveira                   ',current_timestamp);
insert into concelhos (id_concelho, cod_distrito,cod_concelho,nome_concelho,creation_at) values (seq_concelho.nextval,16,01,'Arcos de Valdevez                       ',current_timestamp);
insert into concelhos (id_concelho, cod_distrito,cod_concelho,nome_concelho,creation_at) values (seq_concelho.nextval,16,02,'Caminha                                 ',current_timestamp);
insert into concelhos (id_concelho, cod_distrito,cod_concelho,nome_concelho,creation_at) values (seq_concelho.nextval,16,03,'Melgaço                                 ',current_timestamp);
insert into concelhos (id_concelho, cod_distrito,cod_concelho,nome_concelho,creation_at) values (seq_concelho.nextval,16,04,'Monção                                  ',current_timestamp);
insert into concelhos (id_concelho, cod_distrito,cod_concelho,nome_concelho,creation_at) values (seq_concelho.nextval,16,05,'Paredes de Coura                        ',current_timestamp);
insert into concelhos (id_concelho, cod_distrito,cod_concelho,nome_concelho,creation_at) values (seq_concelho.nextval,17,05,'Mondim de Basto                         ',current_timestamp);
insert into concelhos (id_concelho, cod_distrito,cod_concelho,nome_concelho,creation_at) values (seq_concelho.nextval,17,06,'Montalegre                              ',current_timestamp);
insert into concelhos (id_concelho, cod_distrito,cod_concelho,nome_concelho,creation_at) values (seq_concelho.nextval,17,07,'Murça                                   ',current_timestamp);
insert into concelhos (id_concelho, cod_distrito,cod_concelho,nome_concelho,creation_at) values (seq_concelho.nextval,17,08,'Peso da Régua                           ',current_timestamp);
insert into concelhos (id_concelho, cod_distrito,cod_concelho,nome_concelho,creation_at) values (seq_concelho.nextval,17,09,'Ribeira de Pena                         ',current_timestamp);
insert into concelhos (id_concelho, cod_distrito,cod_concelho,nome_concelho,creation_at) values (seq_concelho.nextval,17,10,'Sabrosa                                 ',current_timestamp);
insert into concelhos (id_concelho, cod_distrito,cod_concelho,nome_concelho,creation_at) values (seq_concelho.nextval,17,11,'Santa Marta de Penaguião                ',current_timestamp);
insert into concelhos (id_concelho, cod_distrito,cod_concelho,nome_concelho,creation_at) values (seq_concelho.nextval,17,12,'Valpaços                                ',current_timestamp);
insert into concelhos (id_concelho, cod_distrito,cod_concelho,nome_concelho,creation_at) values (seq_concelho.nextval,17,13,'Vila Pouca de Aguiar                    ',current_timestamp);
insert into concelhos (id_concelho, cod_distrito,cod_concelho,nome_concelho,creation_at) values (seq_concelho.nextval,17,14,'Vila Real                               ',current_timestamp);
insert into concelhos (id_concelho, cod_distrito,cod_concelho,nome_concelho,creation_at) values (seq_concelho.nextval,17,01,'Alijó                                   ',current_timestamp);
insert into concelhos (id_concelho, cod_distrito,cod_concelho,nome_concelho,creation_at) values (seq_concelho.nextval,17,02,'Boticas                                 ',current_timestamp);
insert into concelhos (id_concelho, cod_distrito,cod_concelho,nome_concelho,creation_at) values (seq_concelho.nextval,17,03,'Chaves                                  ',current_timestamp);
insert into concelhos (id_concelho, cod_distrito,cod_concelho,nome_concelho,creation_at) values (seq_concelho.nextval,17,04,'Mesão Frio                              ',current_timestamp);
insert into concelhos (id_concelho, cod_distrito,cod_concelho,nome_concelho,creation_at) values (seq_concelho.nextval,18,05,'Lamego                                  ',current_timestamp);
insert into concelhos (id_concelho, cod_distrito,cod_concelho,nome_concelho,creation_at) values (seq_concelho.nextval,18,06,'Mangualde                               ',current_timestamp);
insert into concelhos (id_concelho, cod_distrito,cod_concelho,nome_concelho,creation_at) values (seq_concelho.nextval,18,07,'Moimenta da Beira                       ',current_timestamp);
insert into concelhos (id_concelho, cod_distrito,cod_concelho,nome_concelho,creation_at) values (seq_concelho.nextval,18,08,'Mortágua                                ',current_timestamp);
insert into concelhos (id_concelho, cod_distrito,cod_concelho,nome_concelho,creation_at) values (seq_concelho.nextval,18,09,'Nelas                                   ',current_timestamp);
insert into concelhos (id_concelho, cod_distrito,cod_concelho,nome_concelho,creation_at) values (seq_concelho.nextval,18,10,'Oliveira de Frades                      ',current_timestamp);
insert into concelhos (id_concelho, cod_distrito,cod_concelho,nome_concelho,creation_at) values (seq_concelho.nextval,18,11,'Penalva do Castelo                      ',current_timestamp);
insert into concelhos (id_concelho, cod_distrito,cod_concelho,nome_concelho,creation_at) values (seq_concelho.nextval,18,12,'Penedono                                ',current_timestamp);
insert into concelhos (id_concelho, cod_distrito,cod_concelho,nome_concelho,creation_at) values (seq_concelho.nextval,18,13,'Resende                                 ',current_timestamp);
insert into concelhos (id_concelho, cod_distrito,cod_concelho,nome_concelho,creation_at) values (seq_concelho.nextval,18,14,'Santa Comba Dão                         ',current_timestamp);
insert into concelhos (id_concelho, cod_distrito,cod_concelho,nome_concelho,creation_at) values (seq_concelho.nextval,18,15,'São João da Pesqueira                   ',current_timestamp);
insert into concelhos (id_concelho, cod_distrito,cod_concelho,nome_concelho,creation_at) values (seq_concelho.nextval,18,16,'São Pedro do Sul                        ',current_timestamp);
insert into concelhos (id_concelho, cod_distrito,cod_concelho,nome_concelho,creation_at) values (seq_concelho.nextval,18,17,'Sátão                                   ',current_timestamp);
insert into concelhos (id_concelho, cod_distrito,cod_concelho,nome_concelho,creation_at) values (seq_concelho.nextval,18,18,'Sernancelhe                             ',current_timestamp);
insert into concelhos (id_concelho, cod_distrito,cod_concelho,nome_concelho,creation_at) values (seq_concelho.nextval,18,19,'Tabuaço                                 ',current_timestamp);
insert into concelhos (id_concelho, cod_distrito,cod_concelho,nome_concelho,creation_at) values (seq_concelho.nextval,18,20,'Tarouca                                 ',current_timestamp);
insert into concelhos (id_concelho, cod_distrito,cod_concelho,nome_concelho,creation_at) values (seq_concelho.nextval,18,21,'Tondela                                 ',current_timestamp);
insert into concelhos (id_concelho, cod_distrito,cod_concelho,nome_concelho,creation_at) values (seq_concelho.nextval,18,22,'Vila Nova de Paiva                      ',current_timestamp);
insert into concelhos (id_concelho, cod_distrito,cod_concelho,nome_concelho,creation_at) values (seq_concelho.nextval,18,23,'Viseu                                   ',current_timestamp);
insert into concelhos (id_concelho, cod_distrito,cod_concelho,nome_concelho,creation_at) values (seq_concelho.nextval,18,24,'Vouzela                                 ',current_timestamp);
insert into concelhos (id_concelho, cod_distrito,cod_concelho,nome_concelho,creation_at) values (seq_concelho.nextval,18,01,'Armamar                                 ',current_timestamp);
insert into concelhos (id_concelho, cod_distrito,cod_concelho,nome_concelho,creation_at) values (seq_concelho.nextval,18,02,'Carregal do Sal                         ',current_timestamp);
insert into concelhos (id_concelho, cod_distrito,cod_concelho,nome_concelho,creation_at) values (seq_concelho.nextval,18,03,'Castro Daire                            ',current_timestamp);
insert into concelhos (id_concelho, cod_distrito,cod_concelho,nome_concelho,creation_at) values (seq_concelho.nextval,18,04,'Cinfães                                 ',current_timestamp);
insert into concelhos (id_concelho, cod_distrito,cod_concelho,nome_concelho,creation_at) values (seq_concelho.nextval,31,05,'Ponta do Sol                            ',current_timestamp);
insert into concelhos (id_concelho, cod_distrito,cod_concelho,nome_concelho,creation_at) values (seq_concelho.nextval,31,06,'Porto Moniz                             ',current_timestamp);
insert into concelhos (id_concelho, cod_distrito,cod_concelho,nome_concelho,creation_at) values (seq_concelho.nextval,31,07,'Ribeira Brava                           ',current_timestamp);
insert into concelhos (id_concelho, cod_distrito,cod_concelho,nome_concelho,creation_at) values (seq_concelho.nextval,31,08,'Santa Cruz                              ',current_timestamp);
insert into concelhos (id_concelho, cod_distrito,cod_concelho,nome_concelho,creation_at) values (seq_concelho.nextval,31,09,'Santana                                 ',current_timestamp);
insert into concelhos (id_concelho, cod_distrito,cod_concelho,nome_concelho,creation_at) values (seq_concelho.nextval,31,10,'São Vicente                             ',current_timestamp);
insert into concelhos (id_concelho, cod_distrito,cod_concelho,nome_concelho,creation_at) values (seq_concelho.nextval,31,01,'Calheta (Madeira)                       ',current_timestamp);
insert into concelhos (id_concelho, cod_distrito,cod_concelho,nome_concelho,creation_at) values (seq_concelho.nextval,31,02,'Câmara de Lobos                         ',current_timestamp);
insert into concelhos (id_concelho, cod_distrito,cod_concelho,nome_concelho,creation_at) values (seq_concelho.nextval,31,03,'Funchal                                 ',current_timestamp);
insert into concelhos (id_concelho, cod_distrito,cod_concelho,nome_concelho,creation_at) values (seq_concelho.nextval,31,04,'Machico                                 ',current_timestamp);
insert into concelhos (id_concelho, cod_distrito,cod_concelho,nome_concelho,creation_at) values (seq_concelho.nextval,32,01,'Porto Santo                             ',current_timestamp);
insert into concelhos (id_concelho, cod_distrito,cod_concelho,nome_concelho,creation_at) values (seq_concelho.nextval,41,01,'Vila do Porto                           ',current_timestamp);
insert into concelhos (id_concelho, cod_distrito,cod_concelho,nome_concelho,creation_at) values (seq_concelho.nextval,42,05,'Ribeira Grande                          ',current_timestamp);
insert into concelhos (id_concelho, cod_distrito,cod_concelho,nome_concelho,creation_at) values (seq_concelho.nextval,42,06,'Vila Franca do Campo                    ',current_timestamp);
insert into concelhos (id_concelho, cod_distrito,cod_concelho,nome_concelho,creation_at) values (seq_concelho.nextval,42,01,'Lagoa (São Miguel)                      ',current_timestamp);
insert into concelhos (id_concelho, cod_distrito,cod_concelho,nome_concelho,creation_at) values (seq_concelho.nextval,42,02,'Nordeste                                ',current_timestamp);
insert into concelhos (id_concelho, cod_distrito,cod_concelho,nome_concelho,creation_at) values (seq_concelho.nextval,42,03,'Ponta Delgada                           ',current_timestamp);
insert into concelhos (id_concelho, cod_distrito,cod_concelho,nome_concelho,creation_at) values (seq_concelho.nextval,42,04,'Povoação                                ',current_timestamp);
insert into concelhos (id_concelho, cod_distrito,cod_concelho,nome_concelho,creation_at) values (seq_concelho.nextval,43,01,'Angra do Heroísmo                       ',current_timestamp);
insert into concelhos (id_concelho, cod_distrito,cod_concelho,nome_concelho,creation_at) values (seq_concelho.nextval,43,02,'Praia da Vitória                        ',current_timestamp);
insert into concelhos (id_concelho, cod_distrito,cod_concelho,nome_concelho,creation_at) values (seq_concelho.nextval,44,01,'Santa Cruz da Graciosa                  ',current_timestamp);
insert into concelhos (id_concelho, cod_distrito,cod_concelho,nome_concelho,creation_at) values (seq_concelho.nextval,45,01,'Calheta (São Jorge)                     ',current_timestamp);
insert into concelhos (id_concelho, cod_distrito,cod_concelho,nome_concelho,creation_at) values (seq_concelho.nextval,45,02,'Velas                                   ',current_timestamp);
insert into concelhos (id_concelho, cod_distrito,cod_concelho,nome_concelho,creation_at) values (seq_concelho.nextval,46,01,'Lajes do Pico                           ',current_timestamp);
insert into concelhos (id_concelho, cod_distrito,cod_concelho,nome_concelho,creation_at) values (seq_concelho.nextval,46,02,'Madalena                                ',current_timestamp);
insert into concelhos (id_concelho, cod_distrito,cod_concelho,nome_concelho,creation_at) values (seq_concelho.nextval,46,03,'São Roque do Pico                       ',current_timestamp);
insert into concelhos (id_concelho, cod_distrito,cod_concelho,nome_concelho,creation_at) values (seq_concelho.nextval,47,01,'Horta                                   ',current_timestamp);
insert into concelhos (id_concelho, cod_distrito,cod_concelho,nome_concelho,creation_at) values (seq_concelho.nextval,48,01,'Lajes das Flores                        ',current_timestamp);
insert into concelhos (id_concelho, cod_distrito,cod_concelho,nome_concelho,creation_at) values (seq_concelho.nextval,48,02,'Santa Cruz das Flores                   ',current_timestamp);
insert into concelhos (id_concelho, cod_distrito,cod_concelho,nome_concelho,creation_at) values (seq_concelho.nextval,49,01,'Corvo                                   ',current_timestamp);

-- Codigos Postais
insert into codigos_postais (cod_codigo_postal, id_concelho, localidade, codigo_postal, creation_at) values (seq_codigos_postais.nextval,228,'Avenida Bulhão Pato','2825846', current_timestamp);
insert into codigos_postais (cod_codigo_postal, id_concelho, localidade, codigo_postal, creation_at) values (seq_codigos_postais.nextval,228,'Rua Câmara de Almada','2825832', current_timestamp);
insert into codigos_postais (cod_codigo_postal, id_concelho, localidade, codigo_postal, creation_at) values (seq_codigos_postais.nextval,228,'Rua Cândido dos Reis','2825847', current_timestamp);
insert into codigos_postais (cod_codigo_postal, id_concelho, localidade, codigo_postal, creation_at) values (seq_codigos_postais.nextval,228,'Rua 5 de Outubro de 1 ao 10','2825848', current_timestamp);
insert into codigos_postais (cod_codigo_postal, id_concelho, localidade, codigo_postal, creation_at) values (seq_codigos_postais.nextval,228,'Rua 5 de Outubro de 11 ao 20','2825848', current_timestamp);
insert into codigos_postais (cod_codigo_postal, id_concelho, localidade, codigo_postal, creation_at) values (seq_codigos_postais.nextval,228,'Rua 5 de Outubro de 21 ao 30','2825848', current_timestamp);
insert into codigos_postais (cod_codigo_postal, id_concelho, localidade, codigo_postal, creation_at) values (seq_codigos_postais.nextval,228,'Rua 5 de Outubro de 31 ao 40','2825848', current_timestamp);
insert into codigos_postais (cod_codigo_postal, id_concelho, localidade, codigo_postal, creation_at) values (seq_codigos_postais.nextval,15,'Beco das Flores','3750364', current_timestamp);
insert into codigos_postais (cod_codigo_postal, id_concelho, localidade, codigo_postal, creation_at) values (seq_codigos_postais.nextval,15,'Rua da Aveleira','3750364', current_timestamp);
insert into codigos_postais (cod_codigo_postal, id_concelho, localidade, codigo_postal, creation_at) values (seq_codigos_postais.nextval,15,'Travessa Nossa Senhora das Preces','3750364', current_timestamp);
insert into codigos_postais (cod_codigo_postal, id_concelho, localidade, codigo_postal, creation_at) values (seq_codigos_postais.nextval,15,'Rua Principal','3750364', current_timestamp);
insert into codigos_postais (cod_codigo_postal, id_concelho, localidade, codigo_postal, creation_at) values (seq_codigos_postais.nextval,15,'Rua Nossa Senhora das Preces de 1 ao 10', '3750061', current_timestamp);
insert into codigos_postais (cod_codigo_postal, id_concelho, localidade, codigo_postal, creation_at) values (seq_codigos_postais.nextval,15,'Rua Nossa Senhora das Preces de 11 ao 20','3750364', current_timestamp);
insert into codigos_postais (cod_codigo_postal, id_concelho, localidade, codigo_postal, creation_at) values (seq_codigos_postais.nextval,15,'Rua Nossa Senhora das Preces de 21 ao 30', '3750061', current_timestamp);
insert into codigos_postais (cod_codigo_postal, id_concelho, localidade, codigo_postal, creation_at) values (seq_codigos_postais.nextval,15,'Canto Nossa Senhora das Preces','3750364', current_timestamp);
insert into codigos_postais (cod_codigo_postal, id_concelho, localidade, codigo_postal, creation_at) values (seq_codigos_postais.nextval,15,'Rua das Hortas', '3750061', current_timestamp);